{"cameraMode":{"drawMode":0,"name":"Shaded","section":"Shading Mode"},"sceneLighting":false,"audioPlay":false,"sceneViewState":{"showFog":false,"showMaterialUpdate":false,"showSkybox":false,"showFlares":false,"showImageEffects":false,"showParticleSystems":false},"in2DMode":false,"pivot":{"x":9.639999389648438,"y":2.9800002574920656,"z":-5.989999771118164},"rotation":{"x":0.26888856291770937,"y":-0.5992537140846252,"z":0.22372643649578095,"w":0.7202529907226563},"size":15.588459968566895,"orthographic":false}