{"cameraMode":{"drawMode":0,"name":"Shaded","section":"Shading Mode"},"sceneLighting":true,"audioPlay":false,"sceneViewState":{"showFog":true,"showMaterialUpdate":true,"showSkybox":true,"showFlares":true,"showImageEffects":true,"showParticleSystems":true},"in2DMode":false,"pivot":{"x":-10.696465492248536,"y":-21.671165466308595,"z":-6.8273420333862309},"rotation":{"x":0.31118613481521609,"y":-0.6739431619644165,"z":0.3799505829811096,"w":0.5521277785301209},"size":41.410640716552737,"orthographic":false}